Gesture,Start Time,End Time,Duration
x,4.150915,4.984433,0.83
g,4.984433,6.24819,1.26
x,6.24819,7.249177,1.0
g,7.249177,7.337758,0.09
f,7.337758,7.45186,0.11
x,7.45186,7.782018,0.33
f,7.782018,8.001483,0.22
x,8.001483,8.338426,0.34
f,8.338426,8.475939,0.14
x,8.475939,8.691972,0.22
f,8.691972,8.817433,0.13
