Gesture,Start Time,End Time,Duration
d,9.571741,10.778399,1.21
a,10.778399,11.006923,0.23
b,11.006923,12.63078,1.62
a,12.63078,14.94577,2.31
b,14.94577,16.14941,1.2
a,16.14941,16.377557,0.23
b,16.377557,17.216026,0.84
a,17.216026,17.426337,0.21
b,17.426337,18.077807,0.65
c,18.077807,19.277755,1.2
